ALLR, 2024-04-12 18:27:11Z
AERT, 2024-04-12 12:01:51Z
ADIL, 2024-04-12 20:27:04Z
OTLK, 2024-04-12 20:33:59Z
NRBO, 2024-04-12 20:13:57Z
PHVS, 2024-04-12 20:21:19Z
KMX, 2024-04-12 09:59:01Z
TPC, 2024-04-15 12:13:20Z
DJT, 2024-04-15 12:38:17Z
DJT, 2024-04-15 12:37:55Z
USAU, 2024-04-15 12:42:24Z
EXR, 2024-04-15 20:36:34Z
RVYL, 2024-04-15 20:27:41Z
DOOO, 2024-04-15 20:56:18Z
CFBK, 2024-04-15 18:46:02Z
DJT, 2024-04-15 13:18:37Z
SYTA, 2024-04-15 21:14:13Z
MRAI, 2024-04-16 16:00:16Z
FLUT, 2024-04-16 08:54:56Z
RVYL, 2024-04-16 12:33:19Z
CCL, 2024-04-16 08:38:14Z
INO, 2024-04-16 13:29:43Z
MEG, 2024-04-16 20:11:58Z
ITCI, 2024-04-16 20:06:56Z
ITCI, 2024-04-16 20:13:19Z
UHT, 2024-04-16 20:19:35Z
CGEM, 2024-04-16 17:32:45Z
JCI, 2024-04-16 21:18:15Z
SUN, 2024-04-16 21:38:43Z
APG, 2024-04-16 20:31:38Z
TCRX, 2024-04-16 20:26:48Z
IZM, 2024-04-17 14:56:22Z
GEL, 2024-04-17 10:07:28Z
LAC, 2024-04-17 21:10:46Z
NRXP, 2024-04-17 20:46:45Z
LGVN, 2024-04-17 12:16:07Z
BHVN, 2024-04-17 20:15:35Z
LAC, 2024-04-18 06:59:00Z
BNTC, 2024-04-18 11:12:29Z
VFS, 2024-04-18 10:11:48Z
NRXP, 2024-04-18 12:35:26Z
BHVN, 2024-04-18 10:02:11Z
WISA, 2024-04-18 12:53:57Z
KRRO, 2024-04-18 12:32:40Z
ZURA, 2024-04-18 13:23:45Z
GENE, 2024-04-18 16:18:59Z
LGVN, 2024-04-18 20:09:24Z
BPTH, 2024-04-18 18:01:07Z
EC, 2024-04-19 18:08:42Z
EH, 2024-04-19 20:09:06Z
ESQ, 2024-04-19 20:18:36Z
VERX, 2024-04-22 20:19:13Z
PXS, 2024-04-22 20:52:47Z
INMB, 2024-04-22 12:06:21Z
PXS, 2024-04-22 20:53:08Z
CTRM, 2024-04-22 13:14:57Z
