IDYA, 2023-04-24 20:14:51Z
ESTA, 2023-04-24 20:45:57Z
ARBE, 2023-04-25 20:57:07Z
CING, 2023-04-25 12:24:16Z
MAIA, 2023-04-25 11:42:12Z
IDYA, 2023-04-25 07:44:23Z
ESTA, 2023-04-25 07:51:33Z
MESO, 2023-04-25 23:59:19Z
OWLT, 2023-04-26 21:28:34Z
MESO, 2023-04-26 11:15:57Z
MESO, 2023-04-26 10:48:36Z
JSPR, 2023-04-28 20:03:43Z
CVM, 2023-04-28 07:42:09Z
SSL, 2023-04-28 07:44:42Z
FE, 2023-05-01 10:31:49Z
META, 2023-05-01 21:31:19Z
MOND, 2023-05-01 10:20:32Z
SAVA, 2023-05-01 21:38:39Z
ELDN, 2023-05-01 11:17:32Z
HSY, 2023-05-01 21:55:51Z
IX, 2023-05-01 21:41:22Z
PLSE, 2023-05-01 12:10:21Z
CMS, 2023-05-01 10:58:30Z
SAVA, 2023-05-01 21:37:29Z
META, 2023-05-01 14:17:11Z
META, 2023-05-01 14:22:53Z
DXCM, 2023-05-02 11:14:00Z
AFL, 2023-05-02 09:59:16Z
NRDS, 2023-05-02 21:21:51Z
STRL, 2023-05-02 12:52:15Z
THC, 2023-05-02 21:07:58Z
GDC, 2023-05-02 13:34:01Z
MOND, 2023-05-02 14:18:27Z
GFAI, 2023-05-02 21:10:36Z
IONM, 2023-05-02 20:54:38Z
GDC, 2023-05-02 15:14:16Z
MORF, 2023-05-02 20:05:45Z
COCO, 2023-05-02 21:10:50Z
GFAI, 2023-05-02 20:52:07Z
MGTX, 2023-05-03 12:38:03Z
SMFL, 2023-05-03 12:17:53Z
MORF, 2023-05-03 07:27:36Z
YTEN, 2023-05-03 13:44:21Z
JOBY, 2023-05-03 20:24:39Z
WELL, 2023-05-03 12:48:26Z
NNOX, 2023-05-03 10:21:07Z
OPRT, 2023-05-03 11:40:49Z
GOLD, 2023-05-03 16:45:46Z
RPHM, 2023-05-03 20:23:42Z
GFAI, 2023-05-03 07:34:39Z
UBER, 2023-05-03 20:50:00Z
YCBD, 2023-05-03 21:37:11Z
RYI, 2023-05-03 20:59:03Z
RPHM, 2023-05-04 08:46:01Z
CIFR, 2023-05-04 20:40:51Z
PRVA, 2023-05-04 13:16:06Z
APG, 2023-05-04 21:02:31Z
FDMT, 2023-05-04 21:29:33Z
ASNS, 2023-05-04 17:00:14Z
MIGI, 2023-05-04 12:21:47Z
AVTX, 2023-05-04 21:31:18Z
PRVA, 2023-05-04 12:34:03Z
PRVA, 2023-05-04 10:40:03Z
SIBN, 2023-05-04 21:16:22Z
SIBN, 2023-05-05 08:13:19Z
FNF, 2023-05-05 20:25:05Z
SNGX, 2023-05-05 13:06:07Z
UNIT, 2023-05-05 20:24:23Z
ADC, 2023-05-05 12:55:03Z
FDMT, 2023-05-05 08:10:33Z
CING, 2023-05-05 10:54:25Z
AXNX, 2023-05-05 10:05:29Z
WELL, 2023-05-08 10:50:29Z
TMDX, 2023-05-08 11:24:21Z
KRYS, 2023-05-08 12:51:56Z
ACLX, 2023-05-08 21:09:34Z
EIG, 2023-05-08 21:47:28Z
NOG, 2023-05-08 11:37:29Z
LCID, 2023-05-08 21:07:02Z
BALL, 2023-05-08 11:38:45Z
AAPL, 2023-05-08 11:53:28Z
W, 2023-05-08 20:52:53Z
LEGN, 2023-05-08 12:33:27Z
HAYW, 2023-05-08 10:47:36Z
SILK, 2023-05-09 20:53:08Z
IAS, 2023-05-09 20:58:28Z
RLYB, 2023-05-09 12:54:34Z
VUZI, 2023-05-09 21:17:11Z
TMUS, 2023-05-09 07:42:59Z
RIVN, 2023-05-09 21:28:07Z
COP, 2023-05-09 13:29:03Z
BGS, 2023-05-09 21:21:29Z
HLMN, 2023-05-10 20:49:44Z
W, 2023-05-10 11:30:18Z
ENSC, 2023-05-10 12:06:20Z
FSLY, 2023-05-10 12:18:08Z
REXR, 2023-05-10 20:49:59Z
TSLX, 2023-05-10 20:52:06Z
DAN, 2023-05-10 07:38:43Z
GFAI, 2023-05-10 20:39:01Z
NTRB, 2023-05-10 10:09:47Z
AAPL, 2023-05-10 20:56:46Z
WTW, 2023-05-10 22:03:51Z
BYND, 2023-05-10 20:47:50Z
CDNA, 2023-05-10 20:58:53Z
DTC, 2023-05-11 11:17:49Z
INTT, 2023-05-11 10:16:30Z
TSLX, 2023-05-11 11:28:06Z
PMCB, 2023-05-11 12:35:09Z
DTC, 2023-05-11 15:45:36Z
MIR, 2023-05-11 20:34:38Z
BE, 2023-05-11 17:30:21Z
ATXS, 2023-05-11 21:17:14Z
NMM, 2023-05-11 20:42:24Z
ALPN, 2023-05-11 20:52:49Z
ANIP, 2023-05-11 20:35:07Z
MLTX, 2023-05-11 21:18:16Z
MIR, 2023-05-12 09:04:29Z
GFAI, 2023-05-12 15:07:52Z
ANIP, 2023-05-12 11:05:01Z
IONM, 2023-05-12 12:15:56Z
SBFM, 2023-05-12 12:13:00Z
DTC, 2023-05-12 09:07:13Z
NVEE, 2023-05-12 20:03:13Z
UPXI, 2023-05-12 16:35:04Z
MPLX, 2023-05-15 16:55:27Z
IKNA, 2023-05-15 11:50:06Z
EOSE, 2023-05-15 14:57:48Z
DCO, 2023-05-15 20:23:21Z
CHRS, 2023-05-15 20:28:22Z
AGL, 2023-05-15 20:29:14Z
NOG, 2023-05-15 20:32:27Z
AGL, 2023-05-15 21:16:08Z
NOG, 2023-05-16 04:32:44Z
CHRS, 2023-05-16 10:52:54Z
DCO, 2023-05-16 04:43:47Z
AES, 2023-05-16 07:43:52Z
AGL, 2023-05-16 08:57:29Z
HLMN, 2023-05-16 04:39:19Z
ACXP, 2023-05-16 12:48:27Z
SEAT, 2023-05-16 20:04:45Z
GTES, 2023-05-16 20:13:23Z
OCEA, 2023-05-16 13:27:40Z
VECO, 2023-05-16 20:02:41Z
NYCB, 2023-05-16 20:17:17Z
INTA, 2023-05-16 20:34:29Z
OSW, 2023-05-16 20:32:24Z
EVGO, 2023-05-16 20:43:29Z
ASTR, 2023-05-16 20:54:41Z
AZEK, 2023-05-16 20:39:29Z
INTA, 2023-05-16 20:26:28Z
OSW, 2023-05-16 21:28:04Z
TGLS, 2023-05-16 21:31:46Z
SPRC, 2023-05-16 21:40:18Z
TCRX, 2023-05-16 21:25:46Z
MAXN, 2023-05-16 21:00:34Z
CISO, 2023-05-17 08:48:38Z
AKRO, 2023-05-17 07:56:45Z
XPO, 2023-05-17 12:07:44Z
OSW, 2023-05-17 09:24:15Z
EVGO, 2023-05-17 12:28:10Z
MAXN, 2023-05-17 12:41:55Z
TGLS, 2023-05-17 12:50:53Z
TGLS, 2023-05-17 16:15:32Z
BXP, 2023-05-17 20:16:27Z
PRLD, 2023-05-17 20:11:54Z
EOSE, 2023-05-17 18:34:43Z
OZ, 2023-05-17 20:05:16Z
EZGO, 2023-05-17 20:15:45Z
CABA, 2023-05-17 20:03:39Z
CNP, 2023-05-17 21:25:54Z
BWMN, 2023-05-17 21:12:26Z
XPO, 2023-05-17 21:31:42Z
KKR, 2023-05-18 07:19:28Z
EVGO, 2023-05-18 07:25:21Z
CABA, 2023-05-18 07:22:17Z
GAMB, 2023-05-18 11:20:45Z
GTES, 2023-05-18 07:28:37Z
INTA, 2023-05-18 07:17:27Z
SMFL, 2023-05-18 12:09:26Z
PRLD, 2023-05-18 11:06:25Z
MOTS, 2023-05-18 12:15:46Z
STT, 2023-05-18 20:32:10Z
SMFL, 2023-05-18 16:04:25Z
ELDN, 2023-05-18 21:13:30Z
IQV, 2023-05-18 20:42:20Z
ARTNA, 2023-05-18 21:08:59Z
UMH, 2023-05-18 21:12:34Z
RETO, 2023-05-19 12:31:45Z
PESI, 2023-05-19 15:53:00Z
ARTNA, 2023-05-19 13:35:03Z
COCO, 2023-05-22 12:31:26Z
DXR, 2023-05-22 12:34:26Z
VLCN, 2023-05-22 12:51:53Z
KRYS, 2023-05-22 12:06:27Z
GH, 2023-05-22 20:24:21Z
RNR, 2023-05-22 21:08:40Z
RYAN, 2023-05-22 20:34:27Z
BLTE, 2023-05-22 21:09:00Z
BSGM, 2023-05-22 21:10:49Z
AGRX, 2023-05-23 08:09:39Z
CKPT, 2023-05-23 12:31:15Z
STX, 2023-05-23 11:36:40Z
GH, 2023-05-23 08:11:39Z
PIXY, 2023-05-23 12:40:51Z
USFD, 2023-05-23 10:41:57Z
USFD, 2023-05-23 13:08:31Z
GH, 2023-05-23 13:13:59Z
NCPL, 2023-05-23 13:04:23Z
USFD, 2023-05-23 16:01:52Z
PHAT, 2023-05-23 20:08:51Z
ECVT, 2023-05-23 20:28:47Z
PHAT, 2023-05-23 20:02:49Z
HASI, 2023-05-23 20:15:58Z
MBOT, 2023-05-23 19:26:31Z
SDIG, 2023-05-23 21:28:15Z
AEE, 2023-05-23 21:42:48Z
GAIN, 2023-05-23 21:38:32Z
NVTS, 2023-05-23 20:48:17Z
USPH, 2023-05-23 20:30:16Z
USPH, 2023-05-23 20:32:00Z
COCO, 2023-05-24 10:05:54Z
BDRX, 2023-05-24 12:41:16Z
NVTS, 2023-05-24 12:30:59Z
BIOL, 2023-05-24 13:16:07Z
FGBI, 2023-05-24 13:31:42Z
DRMA, 2023-05-24 12:13:33Z
ASNS, 2023-05-24 21:22:51Z
EQT, 2023-05-24 20:29:17Z
VRTS, 2023-05-24 21:25:56Z
PHAT, 2023-05-24 16:31:03Z
USPH, 2023-05-25 08:24:31Z
ACHV, 2023-05-25 13:05:35Z
TCRX, 2023-05-25 20:09:21Z
TLRY, 2023-05-25 20:36:46Z
LYRA, 2023-05-26 11:59:31Z
SRE, 2023-05-26 20:25:58Z
TLRY, 2023-05-26 16:54:40Z
LEGN, 2023-05-26 13:07:57Z
EFTR, 2023-05-26 13:05:44Z
TCRX, 2023-05-26 07:26:01Z
BLTE, 2023-05-30 20:02:07Z
HRZN, 2023-05-30 20:37:44Z
IMMP, 2023-05-30 23:46:46Z
FGF, 2023-05-30 23:49:05Z
SMFL, 2023-05-30 16:21:15Z
OCS, 2023-05-30 11:07:26Z
ASML, 2023-05-30 20:05:29Z
ASLE, 2023-05-30 20:19:30Z
DLHC, 2023-05-30 21:07:04Z
IMMP, 2023-05-31 10:13:02Z
NAAS, 2023-05-31 09:43:10Z
PHIO, 2023-05-31 12:09:55Z
NAAS, 2023-05-31 12:08:56Z
LCID, 2023-05-31 20:59:57Z
LXRX, 2023-05-31 20:04:49Z
AEP, 2023-05-31 22:01:31Z
HST, 2023-05-31 20:30:15Z
LCID, 2023-05-31 21:39:05Z
AGI, 2023-05-31 22:03:56Z
OCS, 2023-06-01 14:35:13Z
IDAI, 2023-06-01 12:32:33Z
PRSO, 2023-06-01 15:15:28Z
LXRX, 2023-06-01 12:17:55Z
MKSI, 2023-06-01 20:43:38Z
LITM, 2023-06-01 19:45:50Z
LCID, 2023-06-01 12:36:16Z
TCBK, 2023-06-01 20:20:26Z
IMMP, 2023-06-02 08:47:24Z
PEPG, 2023-06-02 20:17:05Z
WBX, 2023-06-02 12:46:24Z
MBOT, 2023-06-02 16:38:46Z
BTMD, 2023-06-05 11:54:55Z
CDRE, 2023-06-05 20:31:28Z
MBLY, 2023-06-05 20:23:24Z
ATRO, 2023-06-05 20:26:23Z
CLS, 2023-06-05 20:48:11Z
RHP, 2023-06-05 21:31:23Z
GEHC, 2023-06-05 20:12:37Z
SKWD, 2023-06-05 21:02:33Z
SMFL, 2023-06-05 20:24:40Z
ROL, 2023-06-05 20:22:45Z
BJDX, 2023-06-05 21:32:53Z
BLBD, 2023-06-05 20:00:45Z
DG, 2023-06-05 12:24:42Z
FAT, 2023-06-06 10:37:45Z
DAWN, 2023-06-06 20:03:23Z
EZGO, 2023-06-06 10:05:28Z
FAT, 2023-06-06 12:49:16Z
EZGO, 2023-06-06 11:47:13Z
NAMS, 2023-06-06 20:06:31Z
COGT, 2023-06-06 20:13:50Z
STER, 2023-06-06 20:04:35Z
AMCR, 2023-06-06 20:13:17Z
RNAZ, 2023-06-06 21:33:23Z
NAMS, 2023-06-07 09:19:42Z
DAWN, 2023-06-07 09:29:20Z
EFTR, 2023-06-07 12:04:26Z
COGT, 2023-06-07 09:35:18Z
RHP, 2023-06-07 09:47:59Z
MOND, 2023-06-07 09:09:53Z
ARBE, 2023-06-07 12:13:59Z
RHP, 2023-06-07 09:33:30Z
RNAZ, 2023-06-07 13:00:45Z
AKYA, 2023-06-07 20:10:09Z
PIXY, 2023-06-07 20:32:07Z
RHP, 2023-06-07 20:45:17Z
CSWC, 2023-06-07 21:14:46Z
CNM, 2023-06-07 20:26:30Z
SKWD, 2023-06-08 09:15:12Z
BLBD, 2023-06-08 09:11:52Z
IONS, 2023-06-08 09:12:14Z
AKYA, 2023-06-08 09:09:31Z
MBLY, 2023-06-08 09:13:25Z
GEHC, 2023-06-08 09:18:16Z
STER, 2023-06-08 09:16:45Z
ATAT, 2023-06-08 10:10:03Z
BLBD, 2023-06-08 09:59:51Z
ELEV, 2023-06-08 20:05:18Z
PANW, 2023-06-08 20:19:13Z
FWRG, 2023-06-08 20:11:10Z
PRPO, 2023-06-08 12:35:39Z
FRZA, 2023-06-08 21:17:39Z
CTGO, 2023-06-08 21:41:01Z
ELEV, 2023-06-09 08:28:54Z
LPTX, 2023-06-09 20:13:53Z
TSN, 2023-06-09 11:05:28Z
FRZA, 2023-06-12 13:09:51Z
CWST, 2023-06-12 20:05:12Z
BBAI, 2023-06-12 20:51:35Z
DUOT, 2023-06-12 20:47:45Z
EFOI, 2023-06-12 20:49:41Z
LSEA, 2023-06-12 21:06:15Z
IRON, 2023-06-12 20:05:45Z
MCOM, 2023-06-12 21:16:18Z
BIOR, 2023-06-13 12:09:49Z
LSEA, 2023-06-13 11:07:48Z
AUUD, 2023-06-13 13:41:24Z
AHI, 2023-06-13 11:08:56Z
KURA, 2023-06-13 20:03:10Z
RDNT, 2023-06-13 20:04:10Z
FWBI, 2023-06-13 16:52:52Z
SR, 2023-06-13 20:16:50Z
BEP, 2023-06-13 20:19:43Z
MVIS, 2023-06-13 20:57:26Z
MVIS, 2023-06-13 20:45:57Z
CNVS, 2023-06-13 20:18:38Z
RDNT, 2023-06-14 08:12:04Z
ACHV, 2023-06-14 20:20:38Z
CNVS, 2023-06-14 12:14:34Z
TNON, 2023-06-14 12:12:20Z
GAMB, 2023-06-14 20:01:51Z
VCNX, 2023-06-14 21:06:28Z
IRON, 2023-06-14 08:16:48Z
KURA, 2023-06-14 11:03:57Z
MVIS, 2023-06-14 13:04:00Z
EDIT, 2023-06-14 20:08:44Z
ZNTL, 2023-06-15 10:06:05Z
POCI, 2023-06-15 12:31:05Z
VSTM, 2023-06-15 20:00:50Z
CWAN, 2023-06-15 20:45:47Z
BBLG, 2023-06-15 07:31:02Z
EDIT, 2023-06-15 07:32:34Z
MVIS, 2023-06-15 09:22:10Z
BKYI, 2023-06-15 20:27:32Z
PRAX, 2023-06-15 20:02:19Z
COCP, 2023-06-15 21:00:16Z
MVIS, 2023-06-16 10:47:45Z
PBLA, 2023-06-16 12:17:01Z
FUSN, 2023-06-16 20:05:31Z
AUVI, 2023-06-16 12:46:09Z
PBLA, 2023-06-16 12:23:53Z
VSTM, 2023-06-16 09:44:23Z
PRAX, 2023-06-16 08:19:15Z
AUVI, 2023-06-16 14:22:42Z
IOVA, 2023-06-16 20:13:01Z
HEAR, 2023-06-16 20:09:11Z
EWTX, 2023-06-16 20:14:48Z
APTO, 2023-06-20 10:03:14Z
DFLI, 2023-06-20 13:06:17Z
DFLI, 2023-06-20 15:35:50Z
CBRE, 2023-06-20 22:01:36Z
MSGE, 2023-06-20 21:00:03Z
BCDA, 2023-06-20 21:34:02Z
FWBI, 2023-06-20 20:30:31Z
TBLT, 2023-06-21 13:17:16Z
CBRE, 2023-06-21 09:45:52Z
DMAC, 2023-06-21 12:42:03Z
MSGE, 2023-06-21 15:35:10Z
TBLT, 2023-06-21 14:41:11Z
MFIN, 2023-06-21 20:15:26Z
GPOR, 2023-06-21 20:03:10Z
DMAC, 2023-06-21 15:40:11Z
ALVR, 2023-06-21 21:01:30Z
ALVR, 2023-06-22 01:23:27Z
ALVR, 2023-06-21 20:20:27Z
ALVR, 2023-06-22 12:53:40Z
BCDA, 2023-06-22 09:06:06Z
IGMS, 2023-06-22 12:04:12Z
AON, 2023-06-22 13:14:35Z
SPCE, 2023-06-22 20:12:45Z
SPCE, 2023-06-22 20:46:20Z
CHMG, 2023-06-22 20:20:07Z
SMSI, 2023-06-22 20:15:18Z
SMX, 2023-06-23 13:02:17Z
MSGE, 2023-06-23 11:51:29Z
WSFS, 2023-06-23 18:27:04Z
AMTB, 2023-06-23 20:29:58Z
NDAQ, 2023-06-23 11:00:45Z
MLTX, 2023-06-26 20:04:05Z
ORIC, 2023-06-26 12:44:12Z
FLEX, 2023-06-26 20:36:04Z
NXT, 2023-06-26 20:52:39Z
ORIC, 2023-06-26 16:34:32Z
AWK, 2023-06-27 07:25:54Z
LCID, 2023-06-27 11:43:20Z
XPON, 2023-06-27 20:11:57Z
SYTA, 2023-06-27 12:22:10Z
ISPR, 2023-06-27 13:20:24Z
ASTS, 2023-06-27 20:31:39Z
ASTC, 2023-06-27 20:28:48Z
MBOT, 2023-06-27 12:06:25Z
ASTS, 2023-06-27 20:49:36Z
AXSM, 2023-06-28 08:16:49Z
AREB, 2023-06-28 12:17:13Z
SONN, 2023-06-28 12:07:45Z
SONN, 2023-06-28 13:41:17Z
AXSM, 2023-06-28 13:29:37Z
NERV, 2023-06-28 12:31:40Z
AXSM, 2023-06-28 12:50:50Z
MLTX, 2023-06-28 09:02:22Z
ASTS, 2023-06-28 12:24:53Z
NBSE, 2023-06-28 18:25:57Z
LEU, 2023-06-28 20:39:21Z
BDTX, 2023-06-28 20:25:48Z
NERV, 2023-06-28 14:49:20Z
CRMD, 2023-06-29 08:30:00Z
IMNM, 2023-06-29 13:03:05Z
OTRK, 2023-06-29 21:08:53Z
PWOD, 2023-06-29 20:12:05Z
TRVI, 2023-06-29 21:10:33Z
MOBQ, 2023-06-29 13:32:16Z
CRMD, 2023-06-29 13:22:15Z
BDTX, 2023-06-30 08:21:35Z
NAAS, 2023-06-30 07:27:54Z
NAAS, 2023-06-30 11:24:43Z
CISS, 2023-06-30 13:17:02Z
DE, 2023-06-30 13:33:10Z
IFRX, 2023-06-30 20:08:36Z
WEST, 2023-06-30 14:34:12Z
ZIVO, 2023-06-30 17:59:14Z
ABEO, 2023-07-03 12:46:29Z
CAR, 2023-07-05 09:42:21Z
LUNR, 2023-07-05 20:07:30Z
TGAN, 2023-07-05 13:06:30Z
VBIV, 2023-07-05 20:13:50Z
VBIV, 2023-07-06 13:03:23Z
ALLR, 2023-07-06 10:02:38Z
CYTO, 2023-07-06 12:05:32Z
CRIS, 2023-07-06 13:06:45Z
ALLR, 2023-07-06 12:52:33Z
CYTO, 2023-07-06 12:53:22Z
TIVC, 2023-07-07 20:36:19Z
ALIT, 2023-07-07 20:57:15Z
IOVA, 2023-07-10 20:35:33Z
TIVC, 2023-07-10 12:42:56Z
TIVC, 2023-07-10 13:55:24Z
EDBL, 2023-07-11 21:26:38Z
BRTX, 2023-07-11 12:33:05Z
BRTX, 2023-07-11 12:37:51Z
SYTA, 2023-07-11 12:42:17Z
IOVA, 2023-07-11 13:30:36Z
SPY, 2023-07-12 18:53:38Z
SFTBY, 2023-07-12 08:44:18Z
PIXY, 2023-07-12 12:06:35Z
PRFX, 2023-07-12 13:06:42Z
BCYC, 2023-07-12 20:01:42Z
DBI, 2023-07-12 12:51:53Z
PIXY, 2023-07-12 12:55:47Z
BCYC, 2023-07-13 08:48:03Z
SCLX, 2023-07-13 10:08:06Z
CRBU, 2023-07-13 20:04:41Z
SVRA, 2023-07-13 11:07:07Z
MTEM, 2023-07-13 12:16:00Z
TIVC, 2023-07-14 20:04:54Z
PRFX, 2023-07-14 18:38:28Z
EFSH, 2023-07-14 15:52:24Z
OPRA, 2023-07-14 11:17:25Z
GLMD, 2023-07-14 13:31:38Z
BRKL, 2023-07-14 20:08:48Z
EDRY, 2023-07-14 20:30:40Z
DUO, 2023-07-17 13:00:56Z
TIVC, 2023-07-17 12:32:23Z
CNXC, 2023-07-17 13:14:14Z
JZXN, 2023-07-17 12:19:28Z
JZXN, 2023-07-17 15:14:00Z
BECN, 2023-07-17 13:56:40Z
JANX, 2023-07-17 12:46:50Z
ARGX, 2023-07-17 20:03:16Z
CVM, 2023-07-17 20:07:06Z
NAOV, 2023-07-17 21:13:00Z
ABOS, 2023-07-17 20:55:47Z
ALLR, 2023-07-17 21:14:16Z
AAP, 2023-07-17 20:32:09Z
ABOS, 2023-07-17 20:50:09Z
CVM, 2023-07-18 04:41:10Z
LIXT, 2023-07-18 12:13:16Z
HPK, 2023-07-18 20:03:29Z
HROW, 2023-07-18 20:05:21Z
LSEA, 2023-07-18 12:09:15Z
AUR, 2023-07-18 20:17:34Z
WEST, 2023-07-18 20:16:00Z
HPK, 2023-07-18 20:27:43Z
IAUX, 2023-07-18 20:46:35Z
HROW, 2023-07-19 11:03:29Z
CVNA, 2023-07-19 11:51:50Z
GNPX, 2023-07-19 12:09:15Z
HPK, 2023-07-19 12:12:14Z
FWBI, 2023-07-19 12:19:06Z
PWUP, 2023-07-19 10:06:30Z
AUR, 2023-07-19 12:26:32Z
AUR, 2023-07-19 12:10:33Z
VSEC, 2023-07-19 20:03:13Z
CVNA, 2023-07-19 13:51:24Z
VSEC, 2023-07-20 12:47:31Z
AWH, 2023-07-20 12:43:32Z
DRRX, 2023-07-20 12:08:51Z
COSM, 2023-07-20 12:18:47Z
KTTA, 2023-07-20 12:45:27Z
VSEC, 2023-07-20 14:16:07Z
CARV, 2023-07-20 21:05:24Z
BGLC, 2023-07-20 17:29:55Z
FYBR, 2023-07-20 13:10:25Z
CTGO, 2023-07-21 20:02:16Z
AMC, 2023-07-24 11:01:26Z
NNOX, 2023-07-24 12:39:03Z
CTGO, 2023-07-24 12:44:45Z
VRCA, 2023-07-24 11:12:55Z
STKH, 2023-07-25 18:11:27Z
SOUN, 2023-07-25 12:05:57Z
RILY, 2023-07-25 20:26:10Z
RILY, 2023-07-26 11:06:45Z
VOD, 2023-07-26 17:16:19Z
SIDU, 2023-07-26 11:23:40Z
INZY, 2023-07-27 21:13:47Z
URGN, 2023-07-27 13:57:50Z
GMED, 2023-07-27 21:06:51Z
ABVC, 2023-07-27 13:24:27Z
OVV, 2023-07-27 21:15:56Z
CELU, 2023-07-27 13:12:15Z
URGN, 2023-07-27 16:46:35Z
WM, 2023-07-27 22:37:26Z
TM, 2023-07-28 09:07:55Z
ZIVO, 2023-07-28 10:08:27Z
NAAS, 2023-07-28 20:31:58Z
NVNO, 2023-07-31 21:25:26Z
CKPT, 2023-07-31 12:08:13Z
BAH, 2023-07-31 11:03:43Z
BQ, 2023-07-31 10:10:28Z
HOOD, 2023-07-31 11:49:48Z
BSGM, 2023-07-31 21:21:58Z
OKYO, 2023-07-31 08:03:21Z
MLI, 2023-07-31 21:13:04Z
ECOR, 2023-07-31 13:30:30Z
ONCY, 2023-07-31 10:58:46Z
DINO, 2023-07-31 10:55:21Z
MSTR, 2023-08-01 20:58:51Z
TARS, 2023-08-01 12:06:57Z
VMAR, 2023-08-01 11:52:26Z
WELL, 2023-08-01 12:18:20Z
ALZN, 2023-08-02 21:31:14Z
KRP, 2023-08-02 21:23:43Z
QS, 2023-08-02 21:19:31Z
KRP, 2023-08-02 21:37:06Z
BAH, 2023-08-02 10:24:37Z
LEA, 2023-08-02 13:09:20Z
CVNA, 2023-08-02 13:13:48Z
KRP, 2023-08-02 23:22:51Z
BPTH, 2023-08-03 12:37:29Z
OMGA, 2023-08-03 21:17:26Z
QS, 2023-08-03 13:38:07Z
OMGA, 2023-08-03 21:33:38Z
RYI, 2023-08-03 21:24:35Z
TRIN, 2023-08-03 21:22:43Z
HAYW, 2023-08-03 21:20:51Z
TIVC, 2023-08-04 20:02:02Z
INVO, 2023-08-04 13:01:15Z
RYI, 2023-08-04 10:18:04Z
HAYW, 2023-08-04 13:02:10Z
OGEN, 2023-08-07 12:14:08Z
O, 2023-08-07 10:17:30Z
VAL, 2023-08-07 12:39:07Z
COIN, 2023-08-07 20:35:55Z
VRT, 2023-08-07 20:12:04Z
DV, 2023-08-07 20:31:35Z
DTSS, 2023-08-07 20:54:01Z
SAFE, 2023-08-07 20:57:41Z
HASI, 2023-08-07 14:48:53Z
HTGC, 2023-08-07 21:01:38Z
BECN, 2023-08-07 21:09:35Z
TMP, 2023-08-07 21:28:46Z
VAL, 2023-08-07 21:14:48Z
DV, 2023-08-08 05:56:41Z
ERJ, 2023-08-08 12:38:38Z
FLR, 2023-08-08 10:28:37Z
NS, 2023-08-08 21:48:42Z
GTES, 2023-08-08 22:13:40Z
ARMK, 2023-08-09 20:51:56Z
NNN, 2023-08-09 09:42:00Z
SPRC, 2023-08-09 21:23:23Z
NXU, 2023-08-09 12:09:50Z
TYGO, 2023-08-09 12:10:40Z
FLYW, 2023-08-09 21:25:50Z
POET, 2023-08-09 21:20:44Z
INVZ, 2023-08-09 21:07:09Z
MRUS, 2023-08-09 20:44:38Z
GTES, 2023-08-09 11:23:00Z
SMR, 2023-08-10 10:10:09Z
SPRC, 2023-08-10 13:14:55Z
TNGX, 2023-08-10 11:43:43Z
INVZ, 2023-08-10 12:44:16Z
CE, 2023-08-10 13:28:20Z
ATNF, 2023-08-10 12:49:03Z
SWAV, 2023-08-10 11:44:29Z
IMPP, 2023-08-11 12:33:09Z
OCUP, 2023-08-11 13:30:40Z
NOVA, 2023-08-14 10:23:10Z
NRG, 2023-08-14 12:51:09Z
LGVN, 2023-08-14 12:41:29Z
EFSH, 2023-08-14 13:06:41Z
APP, 2023-08-14 13:23:47Z
NOVA, 2023-08-14 13:24:39Z
TFFP, 2023-08-14 20:44:20Z
ARHS, 2023-08-15 20:51:41Z
WK, 2023-08-15 07:48:48Z
HESM, 2023-08-15 20:16:18Z
TFFP, 2023-08-15 10:31:48Z
NLST, 2023-08-15 12:10:12Z
XHR, 2023-08-16 11:12:56Z
CMPS, 2023-08-16 13:01:25Z
EMKR, 2023-08-16 20:04:00Z
OPXS, 2023-08-16 20:12:41Z
HESM, 2023-08-16 04:19:09Z
ASUR, 2023-08-16 20:14:30Z
CREX, 2023-08-16 20:13:44Z
ALIT, 2023-08-16 20:33:21Z
NRG, 2023-08-16 07:51:58Z
ANTX, 2023-08-16 04:17:35Z
AKAM, 2023-08-16 07:37:58Z
AKAM, 2023-08-16 09:56:29Z
ARHS, 2023-08-17 07:44:16Z
AGO, 2023-08-17 07:39:37Z
ASUR, 2023-08-17 07:42:06Z
ARHS, 2023-08-17 10:36:21Z
EMKR, 2023-08-17 11:34:03Z
CREX, 2023-08-17 12:33:31Z
TRNS, 2023-08-17 20:30:58Z
DTSS, 2023-08-17 13:02:00Z
TTEK, 2023-08-18 07:18:40Z
WHF, 2023-08-18 07:35:41Z
TTEK, 2023-08-18 10:33:20Z
ONB, 2023-08-18 17:49:15Z
STRW, 2023-08-21 12:10:12Z
APCX, 2023-08-21 13:15:48Z
COIN, 2023-08-21 13:01:26Z
FLO, 2023-08-21 19:24:06Z
SFTBY, 2023-08-21 20:29:12Z
LSEA, 2023-08-21 20:09:47Z
LSEA, 2023-08-22 10:05:12Z
LSEA, 2023-08-22 15:09:33Z
PHUN, 2023-08-24 20:15:44Z
CAAP, 2023-08-28 20:22:13Z
OPT, 2023-08-28 09:34:35Z
INBX, 2023-08-29 13:03:24Z
TNET, 2023-08-29 12:30:05Z
CUBA, 2023-08-29 19:24:00Z
ALAR, 2023-08-30 13:09:52Z
H, 2023-08-30 20:33:37Z
DBGI, 2023-08-31 17:11:37Z
BRC, 2023-09-05 16:31:06Z
PM, 2023-09-05 12:43:51Z
OLMA, 2023-09-05 11:35:45Z
LZ, 2023-09-06 20:16:39Z
AMKR, 2023-09-06 21:09:11Z
CRGY, 2023-09-06 20:08:48Z
AMC, 2023-09-06 12:35:21Z
EZGO, 2023-09-06 13:24:14Z
NTRA, 2023-09-06 20:24:46Z
ROL, 2023-09-06 21:18:53Z
BROS, 2023-09-06 20:19:09Z
GRBK, 2023-09-06 20:15:21Z
AMC, 2023-09-06 13:23:55Z
BROS, 2023-09-06 20:54:56Z
GRBK, 2023-09-07 12:46:37Z
MNTS, 2023-09-07 12:00:02Z
PALI, 2023-09-07 12:42:56Z
LZ, 2023-09-07 10:22:49Z
ROL, 2023-09-07 10:31:24Z
EDBL, 2023-09-07 13:32:39Z
PALI, 2023-09-07 16:00:59Z
KRT, 2023-09-07 20:31:51Z
ASPS, 2023-09-07 20:05:08Z
ROL, 2023-09-07 16:24:07Z
KRT, 2023-09-08 00:02:30Z
AMC, 2023-09-07 12:47:06Z
REKR, 2023-09-08 20:10:52Z
MARA, 2023-09-08 12:46:35Z
STX, 2023-09-08 11:01:16Z
BROS, 2023-09-08 10:23:30Z
GROM, 2023-09-08 12:31:43Z
URGN, 2023-09-08 20:19:01Z
TNON, 2023-09-08 21:01:26Z
ASPS, 2023-09-08 12:48:54Z
HCI, 2023-09-08 20:22:22Z
YTRA, 2023-09-10 14:12:10Z
GRNT, 2023-09-11 10:56:55Z
COTY, 2023-09-11 09:52:01Z
CING, 2023-09-11 13:23:24Z
WSC, 2023-09-11 11:25:52Z
LGVN, 2023-09-11 13:34:57Z
USFD, 2023-09-11 15:09:58Z
OGS, 2023-09-11 20:43:48Z
KNOP, 2023-09-11 20:34:55Z
EZGO, 2023-09-11 21:01:29Z
MMAT, 2023-09-11 21:04:52Z
BLBD, 2023-09-11 20:42:36Z
CING, 2023-09-11 17:17:22Z
DTSS, 2023-09-11 21:26:19Z
CRNX, 2023-09-11 20:02:29Z
VFS, 2023-09-12 13:33:25Z
DTSS, 2023-09-12 14:00:21Z
VST, 2023-09-12 12:09:12Z
RCKT, 2023-09-12 20:02:52Z
BGS, 2023-09-12 12:43:25Z
DO, 2023-09-12 12:41:26Z
SBOW, 2023-09-12 20:14:06Z
DTSS, 2023-09-12 12:46:55Z
EZGO, 2023-09-12 13:17:32Z
SQSP, 2023-09-12 20:16:19Z
HOTH, 2023-09-13 17:46:55Z
EPRT, 2023-09-13 20:15:07Z
IE, 2023-09-13 20:15:32Z
HLGN, 2023-09-13 20:27:22Z
PWOD, 2023-09-13 12:49:10Z
VTLE, 2023-09-13 21:26:14Z
EPRT, 2023-09-14 13:09:24Z
CNM, 2023-09-14 20:26:17Z
TSLA, 2023-09-14 09:39:21Z
CMND, 2023-09-14 15:03:16Z
CMND, 2023-09-14 13:27:32Z
FWBI, 2023-09-14 14:46:05Z
SF, 2023-09-14 20:11:27Z
IE, 2023-09-14 09:57:27Z
GENI, 2023-09-14 11:06:42Z
BIOL, 2023-09-14 14:20:15Z
GENI, 2023-09-14 14:01:33Z
CHWY, 2023-09-15 20:20:55Z
VLCN, 2023-09-15 12:59:11Z
JILL, 2023-09-15 20:24:30Z
CMND, 2023-09-15 16:09:18Z
MSGE, 2023-09-18 11:21:19Z
VLCN, 2023-09-18 12:15:00Z
NIO, 2023-09-18 20:29:48Z
KIM, 2023-09-18 12:50:04Z
AVGR, 2023-09-18 21:19:35Z
VMAR, 2023-09-18 20:30:43Z
ELOX, 2023-09-19 12:09:42Z
MERC, 2023-09-19 12:11:03Z
NIO, 2023-09-19 12:39:26Z
FLGC, 2023-09-19 17:19:18Z
SRFM, 2023-09-19 13:05:41Z
PR, 2023-09-19 20:02:36Z
HLVX, 2023-09-19 20:10:50Z
FWRD, 2023-09-20 14:57:54Z
CGC, 2023-09-20 14:08:02Z
OII, 2023-09-20 11:34:05Z
TRNS, 2023-09-20 20:02:08Z
FWRD, 2023-09-20 11:26:16Z
GRRR, 2023-09-20 12:06:01Z
NOVA, 2023-09-20 11:29:05Z
AVGR, 2023-09-21 10:21:56Z
TRNS, 2023-09-21 12:06:33Z
AKTX, 2023-09-21 12:22:20Z
SEEL, 2023-09-21 13:10:40Z
BUSE, 2023-09-21 20:21:23Z
CMP, 2023-09-21 20:29:28Z
FULT, 2023-09-21 20:47:06Z
TRNS, 2023-09-21 14:30:21Z
RBT, 2023-09-21 20:40:10Z
OLP, 2023-09-21 20:55:38Z
MTB, 2023-09-22 20:08:48Z
BWEN, 2023-09-22 19:59:43Z
PMN, 2023-09-22 20:54:24Z
ADTX, 2023-09-22 14:27:16Z
HOLO, 2023-09-22 20:21:18Z
IMMX, 2023-09-25 20:23:28Z
COTY, 2023-09-25 20:10:10Z
NIO, 2023-09-25 11:38:11Z
COTY, 2023-09-25 20:33:43Z
BBIO, 2023-09-25 11:33:03Z
AIMD, 2023-09-25 12:33:50Z
BABA, 2023-09-26 09:20:42Z
CJJD, 2023-09-26 13:25:25Z
IREN, 2023-09-26 12:50:49Z
AVGR, 2023-09-27 12:10:06Z
LI, 2023-09-27 11:46:18Z
FFIE, 2023-09-27 10:11:44Z
GNSS, 2023-09-27 20:11:29Z
OPRA, 2023-09-27 20:07:28Z
SLNO, 2023-09-27 20:10:42Z
E, 2023-09-27 09:04:43Z
NI, 2023-09-28 10:33:05Z
GNSS, 2023-09-28 12:46:10Z
COTY, 2023-09-28 11:17:12Z
CRIS, 2023-09-28 13:05:23Z
ASTI, 2023-09-28 12:37:37Z
SLNO, 2023-09-28 12:39:23Z
MDGL, 2023-09-28 20:02:48Z
PRTG, 2023-09-29 12:02:11Z
XPEV, 2023-09-29 10:18:40Z
GPCR, 2023-09-29 11:37:34Z
CAPR, 2023-09-29 11:40:57Z
SYBX, 2023-09-29 11:20:41Z
HEPA, 2023-09-29 12:05:20Z
NYAX, 2023-10-02 10:40:13Z
VTGN, 2023-10-02 11:32:58Z
INBS, 2023-10-02 12:36:45Z
RETO, 2023-10-02 12:51:08Z
THRD, 2023-10-02 20:05:22Z
SABS, 2023-10-02 11:15:11Z
GAIA, 2023-10-02 21:15:44Z
BHVN, 2023-10-02 20:38:01Z
SQNS, 2023-10-02 21:02:57Z
MNTS, 2023-10-02 18:27:44Z
ATHE, 2023-10-02 15:48:09Z
PRTG, 2023-10-03 22:03:02Z
TLSI, 2023-10-03 10:11:01Z
PACB, 2023-10-03 20:26:06Z
AMPX, 2023-10-03 10:44:53Z
GAIA, 2023-10-03 12:05:27Z
RIVN, 2023-10-04 21:44:53Z
INBS, 2023-10-04 21:33:52Z
ALXO, 2023-10-04 20:12:51Z
KA, 2023-10-04 12:07:16Z
ELF, 2023-10-05 10:10:18Z
CLRB, 2023-10-05 20:50:30Z
ALXO, 2023-10-05 12:07:52Z
RIVN, 2023-10-05 13:46:13Z
ACST, 2023-10-06 20:36:42Z
NVNO, 2023-10-06 12:58:32Z
PIXY, 2023-10-06 12:02:06Z
SNX, 2023-10-10 20:17:15Z
CIVI, 2023-10-10 21:38:19Z
HOFV, 2023-10-10 20:12:36Z
SNX, 2023-10-10 20:34:25Z
CIVI, 2023-10-10 20:39:26Z
BIOR, 2023-10-10 10:53:03Z
ACON, 2023-10-10 19:38:13Z
NOG, 2023-10-10 20:10:40Z
RGF, 2023-10-10 20:08:54Z
IRON, 2023-10-10 20:41:22Z
PSNY, 2023-10-10 20:34:20Z
SPRC, 2023-10-11 13:16:03Z
NCLH, 2023-10-11 16:01:52Z
CERE, 2023-10-11 20:03:51Z
ATXS, 2023-10-11 23:20:25Z
RGF, 2023-10-11 23:22:21Z
HOFV, 2023-10-11 12:47:05Z
SRRK, 2023-10-11 21:10:04Z
SIDU, 2023-10-12 12:02:02Z
CERE, 2023-10-12 20:27:06Z
LGVN, 2023-10-12 12:08:10Z
EDSA, 2023-10-12 18:10:36Z
VS, 2023-10-13 15:56:47Z
NVFY, 2023-10-13 20:37:17Z
AGNC, 2023-10-13 10:06:14Z
NN, 2023-10-13 20:10:22Z
GRI, 2023-10-13 20:56:30Z
MIRM, 2023-10-13 20:59:54Z
LQR, 2023-10-13 13:06:39Z
XXII, 2023-10-16 21:04:19Z
BKYI, 2023-10-16 20:50:42Z
XXII, 2023-10-16 20:06:17Z
WISA, 2023-10-16 17:31:24Z
XXII, 2023-10-17 13:17:31Z
NUZE, 2023-10-17 20:23:11Z
BAER, 2023-10-17 20:19:21Z
BAER, 2023-10-17 20:22:48Z
MTAL, 2023-10-17 13:06:23Z
NTBL, 2023-10-17 21:04:27Z
RARE, 2023-10-17 20:03:38Z
CSIQ, 2023-10-17 11:13:44Z
CELC, 2023-10-18 13:16:53Z
NUZE, 2023-10-18 12:37:29Z
AIRT, 2023-10-18 20:58:57Z
NVVE, 2023-10-18 13:08:18Z
SMTC, 2023-10-19 11:09:49Z
ARQT, 2023-10-19 20:10:16Z
ENOV, 2023-10-19 10:56:21Z
NXU, 2023-10-19 13:16:22Z
VFS, 2023-10-20 10:28:24Z
SLNO, 2023-10-20 20:36:06Z
ALVO, 2023-10-20 20:10:52Z
PTN, 2023-10-23 11:39:18Z
BORR, 2023-10-23 16:53:53Z
BAER, 2023-10-24 11:31:27Z
IDYA, 2023-10-24 20:13:13Z
APCX, 2023-10-24 13:10:37Z
ATEC, 2023-10-24 20:02:33Z
SLB, 2023-10-25 20:50:17Z
TKNO, 2023-10-25 20:46:29Z
NVVE, 2023-10-26 13:10:46Z
SDA, 2023-10-26 13:28:00Z
RNAZ, 2023-10-26 20:36:45Z
EQIX, 2023-10-27 20:31:36Z
SYTA, 2023-10-27 13:42:25Z
VYNE, 2023-10-30 11:08:10Z
BKYI, 2023-10-30 18:24:54Z
VRDN, 2023-10-30 12:38:10Z
ANVS, 2023-10-30 20:49:23Z
PNXP, 2023-10-30 20:04:13Z
RNAZ, 2023-10-30 20:35:46Z
WDC, 2023-10-30 20:57:38Z
PSEC, 2023-10-30 21:09:26Z
ANVS, 2023-10-31 12:03:43Z
VVOS, 2023-10-31 12:11:11Z
BFRI, 2023-10-31 15:48:35Z
GDC, 2023-11-01 13:16:34Z
NBTX, 2023-11-02 14:53:18Z
LVS, 2023-11-03 20:11:41Z
OVID, 2023-11-03 20:12:30Z
VIR, 2023-11-03 20:36:38Z
ECL, 2023-11-03 20:11:03Z
CLDX, 2023-11-03 20:09:15Z
WRB, 2023-11-03 20:24:58Z
ALPN, 2023-11-06 11:01:19Z
EPIX, 2023-11-06 11:10:28Z
COCO, 2023-11-06 21:42:28Z
CNM, 2023-11-06 21:41:03Z
CWAN, 2023-11-06 21:44:36Z
VTLE, 2023-11-06 22:08:23Z
AEP, 2023-11-06 21:30:03Z
WELL, 2023-11-06 21:30:35Z
AURA, 2023-11-06 22:43:48Z
CLDX, 2023-11-07 21:59:25Z
COTY, 2023-11-07 21:50:01Z
IDA, 2023-11-07 22:40:57Z
CIFR, 2023-11-08 18:54:09Z
MYGN, 2023-11-08 22:24:58Z
LZ, 2023-11-08 22:50:43Z
CCCS, 2023-11-08 21:28:40Z
SRE, 2023-11-08 15:40:20Z
AMC, 2023-11-09 13:56:13Z
BSGM, 2023-11-09 13:02:36Z
CCCS, 2023-11-09 07:40:46Z
CPK, 2023-11-09 14:27:39Z
RMBL, 2023-11-09 13:23:31Z
SVC, 2023-11-09 12:21:00Z
AMC, 2023-11-09 14:21:47Z
TKO, 2023-11-09 21:13:59Z
FBIO, 2023-11-09 22:54:42Z
CPK, 2023-11-09 14:26:17Z
INTT, 2023-11-09 22:00:22Z
GRPN, 2023-11-09 21:17:01Z
LQR, 2023-11-10 13:20:07Z
FBIO, 2023-11-10 13:18:20Z
INTZ, 2023-11-10 13:05:23Z
GRPN, 2023-11-10 11:07:40Z
VNOM, 2023-11-13 13:09:12Z
AEE, 2023-11-13 22:32:06Z
RWAY, 2023-11-13 21:47:16Z
SKWD, 2023-11-13 21:36:42Z
BSGM, 2023-11-13 22:04:03Z
PEG, 2023-11-13 21:40:25Z
DV, 2023-11-13 21:59:07Z
MYNZ, 2023-11-13 14:01:36Z
DV, 2023-11-14 02:03:58Z
NRXS, 2023-11-14 14:10:09Z
AUVI, 2023-11-14 14:37:04Z
INTA, 2023-11-14 21:50:59Z
DRS, 2023-11-15 21:41:11Z
AUGX, 2023-11-15 21:10:36Z
SQSP, 2023-11-15 21:53:13Z
DT, 2023-11-15 12:19:34Z
NBR, 2023-11-15 12:20:44Z
DT, 2023-11-15 13:38:25Z
VRE, 2023-11-15 22:37:27Z
MS, 2023-11-16 14:58:37Z
AUGX, 2023-11-16 07:31:13Z
BBLG, 2023-11-16 21:43:52Z
RVPH, 2023-11-16 13:01:53Z
GM, 2023-11-16 18:03:55Z
TPR, 2023-11-16 08:33:11Z
VLCN, 2023-11-16 14:20:52Z
GB, 2023-11-16 11:14:34Z
BABA, 2023-11-16 11:48:31Z
CVM, 2023-11-16 13:35:08Z
AAL, 2023-11-16 15:32:47Z
MOND, 2023-11-17 14:29:51Z
SPPL, 2023-11-17 21:13:15Z
AIRE, 2023-11-17 15:41:52Z
IRON, 2023-11-20 11:54:35Z
OSCR, 2023-11-20 11:04:55Z
ATHE, 2023-11-20 11:36:43Z
UBER, 2023-11-20 12:01:49Z
SPEC, 2023-11-20 13:15:04Z
GANX, 2023-11-20 21:04:19Z
UBER, 2023-11-20 14:54:27Z
OVV, 2023-11-20 21:30:01Z
UAL, 2023-11-20 21:33:19Z
STN, 2023-11-20 21:28:22Z
AUID, 2023-11-20 13:09:54Z
GANX, 2023-11-21 13:57:43Z
NWPX, 2023-11-21 21:53:26Z
UBER, 2023-11-21 07:32:30Z
AIRE, 2023-11-21 14:26:37Z
AL, 2023-11-21 07:33:34Z
RMBL, 2023-11-22 18:39:10Z
NXU, 2023-11-24 14:00:55Z
O, 2023-11-28 21:26:35Z
LVS, 2023-11-28 21:26:04Z
SEEL, 2023-11-28 21:25:36Z
ADXN, 2023-11-29 11:50:10Z
XENE, 2023-11-29 21:15:53Z
WB, 2023-11-29 21:13:09Z
PAX, 2023-11-29 21:51:41Z
PCG, 2023-11-29 11:48:54Z
WB, 2023-11-29 21:20:11Z
WB, 2023-11-29 21:28:58Z
TGL, 2023-11-29 14:01:44Z
CELC, 2023-11-29 21:38:23Z
BWMN, 2023-11-29 21:31:07Z
MSTR, 2023-11-30 13:54:21Z
RNAZ, 2023-11-30 20:00:21Z
AAOI, 2023-11-30 13:55:36Z
CRM, 2023-11-30 21:18:37Z
SMCI, 2023-11-30 21:22:26Z
FTHM, 2023-11-30 21:39:58Z
CWAN, 2023-11-30 21:30:50Z
SMCI, 2023-11-30 21:55:34Z
FTHM, 2023-12-01 13:39:17Z
TMO, 2023-12-01 13:02:36Z
TRUP, 2023-12-01 21:31:00Z
HASI, 2023-12-04 12:40:40Z
UCAR, 2023-12-04 14:04:33Z
MESO, 2023-12-04 09:51:16Z
SWTX, 2023-12-04 21:14:34Z
EYPT, 2023-12-04 21:08:53Z
EVRG, 2023-12-04 11:46:26Z
SN, 2023-12-04 11:11:03Z
APTO, 2023-12-04 11:19:52Z
MMAT, 2023-12-04 13:24:11Z
IAS, 2023-12-04 21:43:11Z
ATAT, 2023-12-04 22:38:44Z
ATAT, 2023-12-04 21:51:45Z
PTN, 2023-12-04 22:04:36Z
MMSI, 2023-12-04 21:23:12Z
MESO, 2023-12-04 23:49:32Z
MESO, 2023-12-04 23:48:56Z
SMCI, 2023-12-04 21:57:02Z
IBIO, 2023-12-05 13:02:59Z
IAS, 2023-12-05 11:34:48Z
EVRG, 2023-12-05 07:54:56Z
VRAX, 2023-12-05 21:18:08Z
CRGY, 2023-12-05 12:22:47Z
IRON, 2023-12-05 22:04:10Z
ARES, 2023-12-05 11:32:34Z
SPHR, 2023-12-05 12:20:35Z
CRDO, 2023-12-05 22:01:17Z
FLNC, 2023-12-05 21:20:04Z
VTMX, 2023-12-05 21:26:46Z
TSLA, 2023-12-05 22:00:36Z
WVE, 2023-12-06 21:11:21Z
BECN, 2023-12-06 21:24:23Z
SEAT, 2023-12-06 21:27:48Z
HCI, 2023-12-06 21:17:59Z
PYCR, 2023-12-06 21:27:18Z
COYA, 2023-12-06 12:11:15Z
CNM, 2023-12-06 21:45:23Z
SKT, 2023-12-06 13:54:40Z
PHUN, 2023-12-06 21:51:35Z
ETNB, 2023-12-06 21:45:19Z
BECN, 2023-12-07 00:52:59Z
WVE, 2023-12-07 12:04:06Z
RSG, 2023-12-07 13:44:03Z
GLAD, 2023-12-07 21:41:09Z
ETNB, 2023-12-07 12:08:34Z
GTES, 2023-12-07 21:36:42Z
PHUN, 2023-12-07 14:53:42Z
CZOO, 2023-12-07 22:28:37Z
CVI, 2023-12-07 12:59:55Z
VCIG, 2023-12-08 14:03:20Z
BFH, 2023-12-11 12:59:43Z
CYH, 2023-12-11 12:42:04Z
PRLD, 2023-12-11 14:24:19Z
SBOW, 2023-12-11 21:14:23Z
AMC, 2023-12-11 22:36:13Z
SNCY, 2023-12-11 21:23:43Z
KNTK, 2023-12-11 21:09:38Z
CMND, 2023-12-11 22:26:53Z
LQDA, 2023-12-12 12:17:42Z
AMC, 2023-12-12 14:12:14Z
BFH, 2023-12-12 21:11:59Z
GREE, 2023-12-12 13:48:22Z
KNTK, 2023-12-12 07:27:02Z
SOS, 2023-12-12 21:54:53Z
SBOW, 2023-12-12 07:23:06Z
CBUS, 2023-12-12 12:32:02Z
GNPX, 2023-12-13 21:51:34Z
ASLE, 2023-12-13 22:36:10Z
PBA, 2023-12-13 21:20:41Z
OCUL, 2023-12-13 21:02:34Z
AXDX, 2023-12-13 22:33:39Z
GLASF, 2023-12-13 17:14:59Z
MAR, 2023-12-13 19:48:43Z
NEXT, 2023-12-13 21:28:09Z
TBLT, 2023-12-13 11:04:21Z
NB, 2023-12-14 22:03:46Z
IPDN, 2023-12-14 14:05:14Z
SGRY, 2023-12-14 21:34:56Z
SNDX, 2023-12-14 21:01:10Z
HRTG, 2023-12-14 21:16:05Z
BLBD, 2023-12-14 21:49:01Z
HRTG, 2023-12-15 12:31:38Z
TATT, 2023-12-15 14:48:42Z
ACA, 2023-12-15 21:03:38Z
ORIC, 2023-12-15 21:35:07Z
OTEX, 2023-12-15 21:05:06Z
MAMA, 2023-12-18 21:10:32Z
EXK, 2023-12-18 22:50:18Z
BLUE, 2023-12-18 21:01:38Z
LPL, 2023-12-18 16:43:24Z
TCBP, 2023-12-19 13:15:53Z
BLUE, 2023-12-19 14:19:00Z
ALUR, 2023-12-19 11:56:46Z
SYRS, 2023-12-19 12:36:24Z
BDRX, 2023-12-19 13:45:02Z
EVAX, 2023-12-19 14:28:52Z
CBRE, 2023-12-19 21:20:18Z
HIVE, 2023-12-19 16:44:20Z
HIVE, 2023-12-19 16:49:01Z
AMC, 2023-12-19 22:02:15Z
INBK, 2023-12-19 22:31:37Z
PR, 2023-12-19 14:31:15Z
UXIN, 2023-12-20 11:10:27Z
IPHA, 2023-12-20 21:51:52Z
INSW, 2023-12-20 22:22:35Z
LQR, 2023-12-20 13:54:33Z
BLUE, 2023-12-20 14:26:44Z
AAT, 2023-12-20 22:03:12Z
ANNX, 2023-12-20 22:29:21Z
ASPN, 2023-12-20 13:01:59Z
STTK, 2023-12-21 13:03:45Z
LGVN, 2023-12-21 15:37:36Z
GH, 2023-12-21 14:07:03Z
PBLA, 2023-12-21 14:30:05Z
LGVN, 2023-12-21 13:05:53Z
CODI, 2023-12-21 21:38:52Z
SDIG, 2023-12-22 13:36:56Z
BRBS, 2023-12-22 13:36:09Z
HPE, 2023-12-22 13:33:54Z
BRBS, 2023-12-22 13:32:51Z
GMRE, 2023-12-22 21:38:13Z
ELTX, 2023-12-22 14:05:06Z
LQDA, 2023-12-22 21:13:16Z
BTCT, 2023-12-26 13:34:59Z
ZYME, 2023-12-26 13:03:32Z
FWBI, 2023-12-27 16:57:28Z
PROF, 2023-12-27 21:18:25Z
DBGI, 2023-12-28 11:25:05Z
BJDX, 2023-12-28 13:01:45Z
MHUA, 2023-12-28 14:01:41Z
BSGM, 2023-12-28 21:10:03Z
BJDX, 2023-12-28 16:14:58Z
GEO, 2023-12-28 22:30:26Z
NVRO, 2023-12-29 11:05:14Z
FBIO, 2023-12-29 13:23:34Z
PALI, 2023-12-29 21:03:54Z
FBIO, 2023-12-29 15:40:35Z
GMM, 2023-12-29 14:42:37Z
VFS, 2024-01-02 11:06:12Z
AMC, 2024-01-02 21:31:23Z
LBPH, 2024-01-02 21:02:52Z
ADTX, 2024-01-02 16:15:02Z
SLNO, 2024-01-02 22:05:21Z
CBUS, 2024-01-02 12:20:52Z
AUR, 2024-01-02 15:45:10Z
DYN, 2024-01-03 21:26:24Z
CCCS, 2024-01-03 21:27:37Z
KROS, 2024-01-03 21:06:29Z
ARWR, 2024-01-03 12:01:51Z
KYMR, 2024-01-04 21:02:46Z
CCCS, 2024-01-04 13:11:44Z
VYGR, 2024-01-04 21:14:56Z
PYPD, 2024-01-04 21:34:58Z
AER, 2024-01-04 21:58:14Z
CPRX, 2024-01-04 21:52:16Z
KYMR, 2024-01-05 11:04:35Z
MDAI, 2024-01-05 21:46:15Z
GTY, 2024-01-05 21:19:19Z
CPRX, 2024-01-05 13:09:26Z
AKR, 2024-01-08 21:03:04Z
ARBK, 2024-01-08 08:29:46Z
CNM, 2024-01-08 17:07:41Z
SLDB, 2024-01-08 12:20:09Z
FRT, 2024-01-08 12:32:21Z
RLAY, 2024-01-08 12:06:18Z
CNM, 2024-01-08 11:28:29Z
LQR, 2024-01-08 13:51:48Z
AEVA, 2024-01-09 19:45:36Z
AKR, 2024-01-09 04:02:18Z
TMUS, 2024-01-09 13:39:03Z
NTST, 2024-01-09 21:10:22Z
PBA, 2024-01-10 22:59:56Z
RLAY, 2024-01-10 14:35:29Z
TLRY, 2024-01-10 11:24:28Z
PRAX, 2024-01-10 21:21:27Z
REBN, 2024-01-10 21:05:01Z
AZZ, 2024-01-10 13:24:38Z
MLGO, 2024-01-10 14:11:33Z
MI, 2024-01-11 19:35:37Z
CMND, 2024-01-11 14:29:00Z
ECC, 2024-01-11 13:58:52Z
EKSO, 2024-01-11 13:05:12Z
ECC, 2024-01-11 13:42:36Z
CNP, 2024-01-11 11:08:26Z
PRAX, 2024-01-11 11:06:59Z
PRAX, 2024-01-11 12:34:34Z
EKSO, 2024-01-11 13:01:52Z
IDYA, 2024-01-12 11:16:37Z
SOAR, 2024-01-12 18:59:24Z
PROF, 2024-01-16 21:32:58Z
INTR, 2024-01-16 22:26:49Z
ALEC, 2024-01-16 21:03:05Z
OGEN, 2024-01-16 14:12:58Z
PHUN, 2024-01-16 21:07:40Z
AXDX, 2024-01-16 12:47:53Z
DATS, 2024-01-16 21:07:11Z
MYO, 2024-01-17 13:06:17Z
VRDN, 2024-01-17 21:01:41Z
ALEC, 2024-01-17 13:58:35Z
DATS, 2024-01-17 13:06:10Z
PHUN, 2024-01-17 13:49:43Z
IMTX, 2024-01-17 21:02:07Z
DATS, 2024-01-17 14:24:53Z
SURG, 2024-01-17 21:08:47Z
PLUG, 2024-01-17 21:13:43Z
TALO, 2024-01-17 21:14:42Z
SURG, 2024-01-18 01:04:07Z
PLUG, 2024-01-17 22:28:04Z
RNAZ, 2024-01-18 15:43:50Z
RNAZ, 2024-01-18 18:29:03Z
PLUG, 2024-01-18 15:54:39Z
ESPR, 2024-01-18 21:01:21Z
BECN, 2024-01-18 21:15:26Z
ADTX, 2024-01-18 21:36:18Z
ASTS, 2024-01-18 22:07:45Z
ASTS, 2024-01-18 21:41:22Z
PHUN, 2024-01-19 13:04:23Z
GDEV, 2024-01-19 13:20:27Z
AZTR, 2024-01-19 14:26:40Z
CISS, 2024-01-19 13:57:00Z
MULN, 2024-01-19 17:38:13Z
EWTX, 2024-01-19 13:41:13Z
IDYA, 2024-01-20 15:10:33Z
CALC, 2024-01-22 13:02:52Z
DNTH, 2024-01-22 12:43:23Z
ORIC, 2024-01-22 13:34:17Z
GYRO, 2024-01-22 16:16:52Z
BCTX, 2024-01-22 22:04:01Z
ACET, 2024-01-22 21:28:47Z
HCI, 2024-01-22 21:05:02Z
CNM, 2024-01-22 21:30:13Z
ACON, 2024-01-22 21:52:30Z
DOOO, 2024-01-22 21:28:57Z
OGEN, 2024-01-23 22:21:45Z
BB, 2024-01-23 21:32:13Z
OTLK, 2024-01-23 13:05:48Z
NUTX, 2024-01-23 13:36:56Z
BNRG, 2024-01-23 13:14:59Z
SGMT, 2024-01-23 22:55:17Z
KURA, 2024-01-24 12:04:02Z
TRML, 2024-01-24 21:34:23Z
BB, 2024-01-24 14:15:36Z
SPRC, 2024-01-24 12:44:02Z
KURA, 2024-01-24 16:16:21Z
CZR, 2024-01-24 22:40:11Z
EFTR, 2024-01-25 13:11:41Z
ACMR, 2024-01-25 11:38:18Z
TRML, 2024-01-25 12:11:53Z
JFBR, 2024-01-25 14:40:16Z
EFSH, 2024-01-25 16:01:06Z
NVVE, 2024-01-26 11:31:55Z
APRE, 2024-01-26 12:22:00Z
PCSA, 2024-01-26 14:46:09Z
PCSA, 2024-01-26 14:08:00Z
PCSA, 2024-01-26 16:16:53Z
NVVE, 2024-01-26 18:56:57Z
VERA, 2024-01-29 11:16:42Z
COOP, 2024-01-29 23:05:38Z
SNX, 2024-01-29 11:45:03Z
PBLA, 2024-01-29 11:17:33Z
BFRG, 2024-01-29 14:00:09Z
IMCR, 2024-01-29 21:43:46Z
SIDU, 2024-01-29 21:11:18Z
PTN, 2024-01-30 13:07:41Z
PCVX, 2024-01-30 21:33:38Z
PALI, 2024-01-30 14:29:03Z
ATXS, 2024-01-30 14:25:53Z
SIDU, 2024-01-30 13:53:38Z
AMSC, 2024-01-30 21:34:42Z
OLMA, 2024-01-31 21:24:06Z
NVVE, 2024-01-31 14:18:04Z
CRBP, 2024-01-31 14:20:57Z
ATNF, 2024-01-31 22:35:11Z
RKLB, 2024-01-31 21:20:36Z
ESTA, 2024-01-31 21:42:03Z
CRBP, 2024-01-31 11:16:08Z
RKLB, 2024-01-31 21:54:38Z
AMSC, 2024-01-31 13:46:35Z
REVB, 2024-02-01 11:07:45Z
BFRG, 2024-02-01 14:01:46Z
ISPR, 2024-02-01 14:17:18Z
ANVS, 2024-02-01 21:13:08Z
EVAX, 2024-02-01 14:21:54Z
CING, 2024-02-02 14:22:57Z
GRI, 2024-02-02 13:04:11Z
NEXI, 2024-02-02 19:02:10Z
GE, 2024-02-02 13:12:33Z
GE, 2024-02-02 11:58:48Z
ZVRA, 2024-02-05 11:42:33Z
ADVM, 2024-02-05 12:48:08Z
INBS, 2024-02-05 14:09:32Z
HESM, 2024-02-05 21:22:49Z
SLN, 2024-02-05 13:18:41Z
CI, 2024-02-05 13:27:25Z
FDMT, 2024-02-05 21:16:18Z
RVSN, 2024-02-05 21:25:51Z
SR, 2024-02-05 22:10:48Z
FDMT, 2024-02-05 21:41:59Z
IMMX, 2024-02-05 20:21:49Z
CISS, 2024-02-05 21:15:09Z
JSPR, 2024-02-06 14:01:07Z
BRTX, 2024-02-06 13:09:16Z
PRSO, 2024-02-06 14:15:04Z
SR, 2024-02-06 14:25:27Z
SDIG, 2024-02-06 22:04:20Z
REKR, 2024-02-06 21:37:56Z
MLNK, 2024-02-06 21:48:05Z
BAER, 2024-02-06 22:15:09Z
MLNK, 2024-02-07 10:36:08Z
PHUN, 2024-02-07 12:18:20Z
VCNX, 2024-02-07 13:08:16Z
PEPG, 2024-02-07 12:39:02Z
REKR, 2024-02-07 13:42:16Z
PHUN, 2024-02-07 14:10:50Z
L, 2024-02-07 22:16:52Z
PHUN, 2024-02-07 14:38:51Z
TENX, 2024-02-08 13:18:16Z
CRIS, 2024-02-08 21:35:32Z
BTAI, 2024-02-08 21:04:24Z
AUTL, 2024-02-08 12:05:38Z
TNYA, 2024-02-08 13:04:45Z
CVM, 2024-02-09 13:32:32Z
DINO, 2024-02-09 11:06:05Z
BTAI, 2024-02-09 16:05:31Z
TOP, 2024-02-12 14:31:11Z
WISA, 2024-02-12 14:21:13Z
CRSP, 2024-02-13 13:43:43Z
SBFM, 2024-02-13 14:08:25Z
GTES, 2024-02-13 14:16:27Z
MA, 2024-02-13 18:36:06Z
NAMS, 2024-02-13 21:03:33Z
MAR, 2024-02-13 21:34:31Z
BTAI, 2024-02-13 17:56:08Z
BTAI, 2024-02-13 14:04:00Z
REVG, 2024-02-13 21:40:06Z
LRMR, 2024-02-13 21:54:11Z
IMNM, 2024-02-13 21:42:15Z
LRMR, 2024-02-14 11:12:34Z
AGYS, 2024-02-14 21:04:20Z
LRMR, 2024-02-14 11:18:36Z
OMH, 2024-02-14 13:41:19Z
VZ, 2024-02-14 08:35:18Z
TBLT, 2024-02-14 13:07:00Z
COGT, 2024-02-14 12:18:22Z
KALV, 2024-02-14 21:40:33Z
PRME, 2024-02-14 21:36:50Z
ENGN, 2024-02-14 11:53:17Z
KALV, 2024-02-15 11:32:19Z
BLBD, 2024-02-15 21:29:56Z
TVGN, 2024-02-15 14:26:27Z
VVOS, 2024-02-15 13:04:00Z
LEXX, 2024-02-15 13:21:02Z
INTC, 2024-02-15 13:58:57Z
SO, 2024-02-16 17:41:02Z
PPL, 2024-02-16 20:18:43Z
FCFS, 2024-02-16 10:00:45Z
CHNR, 2024-02-16 14:30:20Z
LXP, 2024-02-16 20:59:15Z
MMAT, 2024-02-20 13:26:53Z
IOVA, 2024-02-20 11:34:18Z
CAR, 2024-02-20 08:50:54Z
SYM, 2024-02-21 21:04:28Z
FTEL, 2024-02-21 19:56:02Z
WETH, 2024-02-21 17:01:19Z
DRIO, 2024-02-21 11:05:58Z
NXGL, 2024-02-21 21:46:06Z
RUN, 2024-02-21 21:38:45Z
PLL, 2024-02-21 11:52:59Z
KTOS, 2024-02-21 22:22:18Z
SMCI, 2024-02-21 22:11:11Z
LYFT, 2024-02-21 22:56:24Z
ATHE, 2024-02-21 22:43:24Z
PSN, 2024-02-21 22:39:28Z
PSN, 2024-02-22 12:11:27Z
NI, 2024-02-22 12:40:55Z
OCUL, 2024-02-22 12:33:53Z
RCL, 2024-02-22 22:14:22Z
ATHE, 2024-02-23 01:19:19Z
CIGI, 2024-02-22 22:15:17Z
LKQ, 2024-02-22 22:02:56Z
SMCI, 2024-02-22 14:29:31Z
HSBC, 2024-02-23 17:47:58Z
BNTC, 2024-02-23 21:14:56Z
ATI, 2024-02-23 21:03:02Z
FIVN, 2024-02-26 21:06:31Z
TPG, 2024-02-26 11:27:42Z
CLDX, 2024-02-26 14:58:29Z
TPG, 2024-02-26 14:13:41Z
OWLT, 2024-02-26 13:38:22Z
NRXP, 2024-02-26 21:03:38Z
HES, 2024-02-26 21:45:06Z
CDE, 2024-02-26 21:55:16Z
BLDR, 2024-02-26 22:12:27Z
WAB, 2024-02-26 22:34:17Z
PRGS, 2024-02-26 21:12:29Z
RIOT, 2024-02-26 22:01:31Z
PWP, 2024-02-27 21:03:29Z
OGEN, 2024-02-27 22:53:06Z
BROS, 2024-02-27 21:59:41Z
ABSI, 2024-02-27 21:02:23Z
NRXP, 2024-02-27 13:57:19Z
JANX, 2024-02-27 22:50:35Z
SHC, 2024-02-27 22:43:13Z
FIS, 2024-02-27 09:27:55Z
FIVN, 2024-02-27 12:58:25Z
VKTX, 2024-02-27 21:58:16Z
VTVT, 2024-02-28 14:32:43Z
TBLA, 2024-02-28 12:11:52Z
CRNX, 2024-02-28 13:02:04Z
APLT, 2024-02-28 16:01:20Z
MIST, 2024-02-28 21:51:04Z
CLDX, 2024-02-28 21:02:26Z
VTVT, 2024-02-28 18:53:57Z
APG, 2024-02-28 22:07:26Z
PNW, 2024-02-28 21:55:24Z
CLPT, 2024-02-28 22:12:51Z
CTRA, 2024-02-28 22:50:56Z
PTLO, 2024-02-28 22:16:18Z
HUMA, 2024-02-29 21:04:54Z
DTIL, 2024-02-29 21:04:15Z
APP, 2024-02-29 12:50:03Z
MIST, 2024-02-29 12:18:41Z
CCCS, 2024-02-29 21:47:09Z
TARS, 2024-02-29 21:47:14Z
ACHV, 2024-02-29 13:05:47Z
APLT, 2024-02-29 22:01:27Z
TPG, 2024-02-29 22:26:21Z
SCLX, 2024-02-29 22:38:09Z
REE, 2024-02-29 22:24:58Z
SIDU, 2024-02-29 21:01:54Z
JANX, 2024-02-29 07:06:55Z
ESAB, 2024-02-29 11:30:09Z
CLPT, 2024-02-29 13:47:18Z
TSLX, 2024-02-29 21:25:03Z
PNW, 2024-02-29 12:32:20Z
RNA, 2024-02-29 12:09:41Z
PGRE, 2024-03-01 21:12:48Z
GPI, 2024-03-01 19:20:48Z
PRU, 2024-03-01 21:22:47Z
GOVX, 2024-03-01 21:16:07Z
REE, 2024-03-01 13:35:00Z
SANA, 2024-03-01 21:15:34Z
RVNC, 2024-03-04 11:38:25Z
MP, 2024-03-04 12:03:36Z
FWBI, 2024-03-04 13:03:03Z
PR, 2024-03-04 12:07:46Z
BBLG, 2024-03-04 14:18:04Z
RVNC, 2024-03-04 14:26:45Z
PR, 2024-03-04 14:31:08Z
ALB, 2024-03-04 21:14:06Z
MSTR, 2024-03-04 21:03:20Z
CXW, 2024-03-04 18:14:13Z
TNDM, 2024-03-04 21:14:23Z
BBIO, 2024-03-04 21:19:16Z
INTA, 2024-03-04 21:46:41Z
USAC, 2024-03-04 20:14:01Z
AKRO, 2024-03-04 21:23:10Z
KOS, 2024-03-04 21:18:42Z
HLNE, 2024-03-04 21:23:03Z
NEM, 2024-03-04 22:33:17Z
LNT, 2024-03-04 22:52:36Z
ALB, 2024-03-04 21:50:53Z
MP, 2024-03-05 11:18:56Z
SOFI, 2024-03-05 13:22:45Z
QNRX, 2024-03-05 13:02:01Z
PRAX, 2024-03-05 14:14:14Z
SOFI, 2024-03-05 14:03:08Z
AKRO, 2024-03-05 17:25:29Z
APGE, 2024-03-05 21:18:21Z
ALB, 2024-03-05 15:05:07Z
VNOM, 2024-03-05 21:26:40Z
LNG, 2024-03-05 21:05:06Z
TXO, 2024-03-05 21:53:40Z
LSEA, 2024-03-05 22:03:19Z
APGE, 2024-03-05 21:30:45Z
BLK, 2024-03-05 22:35:38Z
NFE, 2024-03-05 22:52:22Z
XRX, 2024-03-05 22:09:16Z
NSSC, 2024-03-05 21:18:54Z
KOS, 2024-03-06 07:03:34Z
ALB, 2024-03-06 11:03:18Z
MSTR, 2024-03-06 13:38:59Z
BIAF, 2024-03-06 14:46:57Z
LSEA, 2024-03-06 12:06:58Z
SOFI, 2024-03-06 14:16:15Z
NYCB, 2024-03-06 19:14:42Z
XRX, 2024-03-06 18:03:53Z
RGNX, 2024-03-06 21:30:42Z
AISP, 2024-03-06 21:37:19Z
ADT, 2024-03-06 21:38:24Z
CWAN, 2024-03-06 21:43:17Z
CRGY, 2024-03-06 21:43:13Z
ADT, 2024-03-06 21:48:39Z
PYCR, 2024-03-06 21:48:43Z
PHVS, 2024-03-06 21:48:50Z
CDMO, 2024-03-06 21:58:58Z
LIND, 2024-03-06 22:15:18Z
NYAX, 2024-03-06 22:34:35Z
FUFU, 2024-03-07 11:29:43Z
AGCO, 2024-03-07 21:28:43Z
ESS, 2024-03-07 22:27:26Z
URI, 2024-03-07 12:25:11Z
MAX, 2024-03-07 21:22:11Z
FWRG, 2024-03-07 21:54:00Z
PYCR, 2024-03-07 11:04:10Z
URI, 2024-03-07 22:36:50Z
FANH, 2024-03-07 16:42:21Z
RDNT, 2024-03-07 21:13:24Z
AIRG, 2024-03-07 11:07:08Z
MNMD, 2024-03-07 12:17:01Z
DKL, 2024-03-07 21:39:03Z
VICI, 2024-03-07 21:50:11Z
OCCI, 2024-03-08 16:35:43Z
LXEO, 2024-03-11 11:39:29Z
EOLS, 2024-03-11 11:03:44Z
APRE, 2024-03-11 12:32:56Z
EPRT, 2024-03-11 20:02:33Z
HESM, 2024-03-12 12:14:15Z
ICHR, 2024-03-12 20:20:59Z
ODD, 2024-03-12 20:45:56Z
COIN, 2024-03-12 20:24:35Z
TALO, 2024-03-13 11:11:31Z
STWD, 2024-03-13 12:21:17Z
SOS, 2024-03-13 13:18:46Z
ODD, 2024-03-13 12:33:03Z
PLUG, 2024-03-13 16:00:57Z
GXAI, 2024-03-13 19:17:33Z
REVG, 2024-03-13 20:14:52Z
CDRE, 2024-03-13 20:17:22Z
KNTK, 2024-03-13 20:48:08Z
MSTR, 2024-03-13 20:22:36Z
PGY, 2024-03-13 20:46:06Z
ACNB, 2024-03-14 19:01:52Z
PGY, 2024-03-14 10:48:06Z
VTLE, 2024-03-14 20:49:00Z
MSTR, 2024-03-15 12:08:16Z
CISS, 2024-03-15 12:25:56Z
DCTH, 2024-03-15 12:27:33Z
FMBH, 2024-03-15 17:51:22Z
UXIN, 2024-03-18 09:06:20Z
CDLX, 2024-03-18 11:34:15Z
SN, 2024-03-18 10:21:23Z
ELTX, 2024-03-18 12:07:26Z
SYRE, 2024-03-18 12:02:52Z
SEM, 2024-03-18 12:15:22Z
INBS, 2024-03-18 19:36:48Z
ACXP, 2024-03-18 20:08:48Z
BTDR, 2024-03-18 20:10:23Z
CEG, 2024-03-18 12:22:04Z
MDGL, 2024-03-18 20:05:18Z
BYND, 2024-03-18 21:11:11Z
LEGN, 2024-03-19 12:00:19Z
SMCI, 2024-03-19 11:10:29Z
CRGY, 2024-03-19 11:44:57Z
GNPX, 2024-03-19 12:38:57Z
GERN, 2024-03-19 13:07:43Z
PIXY, 2024-03-19 12:04:47Z
ELVN, 2024-03-19 12:36:08Z
FATE, 2024-03-19 12:45:53Z
BYND, 2024-03-19 13:23:36Z
PIXY, 2024-03-19 15:49:40Z
NDAQ, 2024-03-19 20:16:55Z
AQST, 2024-03-19 20:02:06Z
BTBT, 2024-03-19 20:38:59Z
CNHI, 2024-03-19 21:34:03Z
CRGY, 2024-03-19 20:42:03Z
AZN, 2024-03-19 21:00:42Z
TYRA, 2024-03-19 21:00:06Z
CRNX, 2024-03-19 20:43:13Z
MRK, 2024-03-19 21:02:26Z
ALLR, 2024-03-20 10:09:13Z
NDAQ, 2024-03-20 13:16:07Z
TFFP, 2024-03-20 16:02:39Z
STVN, 2024-03-20 21:14:22Z
SMCI, 2024-03-20 12:52:56Z
EXAI, 2024-03-21 13:25:25Z
RHP, 2024-03-21 12:01:42Z
IMCR, 2024-03-21 10:07:28Z
CABA, 2024-03-21 12:05:33Z
BROS, 2024-03-21 20:39:11Z
IREN, 2024-03-21 12:24:27Z
SPIR, 2024-03-21 13:10:38Z
INDO, 2024-03-22 20:07:31Z
HXL, 2024-03-22 20:04:02Z
DSP, 2024-03-22 20:08:37Z
BROS, 2024-03-22 12:17:24Z
DNLI, 2024-03-22 20:05:07Z
ACET, 2024-03-22 20:27:55Z
TRNO, 2024-03-25 20:04:42Z
REXR, 2024-03-25 20:03:07Z
IPWR, 2024-03-25 20:14:52Z
BTAI, 2024-03-25 11:03:29Z
NKTX, 2024-03-25 10:34:06Z
MAIA, 2024-03-25 20:11:40Z
MTDR, 2024-03-25 20:37:42Z
MGM, 2024-03-25 20:38:26Z
LCID, 2024-03-25 13:35:04Z
ESAB, 2024-03-25 22:00:38Z
TRIN, 2024-03-25 22:01:39Z
BABA, 2024-03-26 10:33:01Z
CDLX, 2024-03-26 11:20:58Z
WISA, 2024-03-26 13:06:24Z
MAIA, 2024-03-26 12:05:58Z
EFSH, 2024-03-26 15:04:02Z
BWMN, 2024-03-26 20:04:41Z
MAIA, 2024-03-26 19:03:26Z
SOFI, 2024-03-26 21:15:45Z
STOK, 2024-03-26 20:10:03Z
AMCX, 2024-03-26 21:54:38Z
ANNX, 2024-03-26 21:08:59Z
STOK, 2024-03-26 20:54:05Z
PHIN, 2024-03-26 20:51:12Z
QTTB, 2024-03-27 10:12:38Z
VCNX, 2024-03-27 12:31:27Z
AURA, 2024-03-27 12:18:49Z
BWMN, 2024-03-27 12:30:37Z
OGI, 2024-03-27 12:58:00Z
ATS, 2024-03-27 20:13:14Z
SNX, 2024-03-27 20:20:47Z
FSBC, 2024-03-27 20:10:46Z
AVTX, 2024-03-27 20:04:11Z
PRAX, 2024-03-27 20:02:13Z
AMC, 2024-03-28 12:29:01Z
AUTL, 2024-03-28 20:22:41Z
FSBC, 2024-03-28 13:08:39Z
AL, 2024-03-28 10:39:55Z
PLSE, 2024-03-28 20:11:54Z
AMC, 2024-03-28 13:27:22Z
PRAX, 2024-03-28 07:30:04Z
VTLE, 2024-04-01 11:36:37Z
HLF, 2024-04-01 11:45:33Z
CLSK, 2024-04-01 15:44:15Z
GRTS, 2024-04-01 20:10:44Z
SRZN, 2024-04-01 17:14:04Z
DHR, 2024-04-01 20:26:42Z
VNO, 2024-04-01 20:30:25Z
MOBX, 2024-04-02 10:11:45Z
PVH, 2024-04-02 20:38:25Z
APH, 2024-04-02 21:31:05Z
GETY, 2024-04-02 11:41:43Z
RNA, 2024-04-02 20:24:39Z
STRO, 2024-04-02 10:22:12Z
IRMD, 2024-04-03 20:30:53Z
REPX, 2024-04-03 21:04:13Z
IMNM, 2024-04-03 20:51:13Z
IMNM, 2024-04-03 20:49:31Z
BRBS, 2024-04-03 20:44:52Z
GEO, 2024-04-03 11:02:03Z
SIG, 2024-04-03 12:55:42Z
GEO, 2024-04-04 21:32:17Z
BPTH, 2024-04-04 20:40:05Z
SNX, 2024-04-04 20:14:42Z
CCCS, 2024-04-04 20:38:29Z
CTCX, 2024-04-04 12:57:41Z
REPX, 2024-04-04 11:11:25Z
SNX, 2024-04-05 14:19:23Z
TARA, 2024-04-05 12:05:12Z
IMCR, 2024-04-05 20:39:37Z
CPNG, 2024-04-05 20:04:46Z
VLY, 2024-04-05 20:40:03Z
EDAP, 2024-04-05 20:37:12Z
CDE, 2024-04-05 20:20:03Z
ANNX, 2024-04-05 20:13:40Z
FLGC, 2024-04-05 20:18:14Z
TARA, 2024-04-05 16:57:57Z
AMPY, 2024-04-08 20:08:33Z
LGVN, 2024-04-08 18:20:25Z
MT, 2024-04-08 15:15:24Z
VVOS, 2024-04-09 10:17:09Z
PSA, 2024-04-09 21:48:56Z
SOUN, 2024-04-10 10:07:07Z
SOUN, 2024-04-10 12:36:31Z
ELYM, 2024-04-11 11:15:00Z
ALLR, 2024-04-11 17:42:14Z
ELYM, 2024-04-11 16:42:01Z
NA, 2024-04-11 15:31:21Z
GNW, 2024-04-11 20:21:06Z
ACT, 2024-04-11 20:50:51Z
ELYM, 2024-04-11 11:03:43Z
APVO, 2024-04-11 12:05:21Z
NRIX, 2024-04-11 20:01:36Z
JEF, 2024-04-11 21:34:09Z
ALLR, 2024-04-12 18:27:11Z
AERT, 2024-04-12 12:01:51Z
ADIL, 2024-04-12 20:27:04Z
OTLK, 2024-04-12 20:33:59Z
NRBO, 2024-04-12 20:13:57Z
PHVS, 2024-04-12 20:21:19Z
KMX, 2024-04-12 09:59:01Z
TPC, 2024-04-15 12:13:20Z
DJT, 2024-04-15 12:38:17Z
DJT, 2024-04-15 12:37:55Z
USAU, 2024-04-15 12:42:24Z
EXR, 2024-04-15 20:36:34Z
RVYL, 2024-04-15 20:27:41Z
DOOO, 2024-04-15 20:56:18Z
CFBK, 2024-04-15 18:46:02Z
DJT, 2024-04-15 13:18:37Z
SYTA, 2024-04-15 21:14:13Z
MRAI, 2024-04-16 16:00:16Z
FLUT, 2024-04-16 08:54:56Z
RVYL, 2024-04-16 12:33:19Z
CCL, 2024-04-16 08:38:14Z
INO, 2024-04-16 13:29:43Z
MEG, 2024-04-16 20:11:58Z
ITCI, 2024-04-16 20:06:56Z
ITCI, 2024-04-16 20:13:19Z
UHT, 2024-04-16 20:19:35Z
CGEM, 2024-04-16 17:32:45Z
JCI, 2024-04-16 21:18:15Z
SUN, 2024-04-16 21:38:43Z
APG, 2024-04-16 20:31:38Z
TCRX, 2024-04-16 20:26:48Z
IZM, 2024-04-17 14:56:22Z
GEL, 2024-04-17 10:07:28Z
LAC, 2024-04-17 21:10:46Z
NRXP, 2024-04-17 20:46:45Z
LGVN, 2024-04-17 12:16:07Z
BHVN, 2024-04-17 20:15:35Z
LAC, 2024-04-18 06:59:00Z
BNTC, 2024-04-18 11:12:29Z
VFS, 2024-04-18 10:11:48Z
NRXP, 2024-04-18 12:35:26Z
BHVN, 2024-04-18 10:02:11Z
WISA, 2024-04-18 12:53:57Z
KRRO, 2024-04-18 12:32:40Z
ZURA, 2024-04-18 13:23:45Z
GENE, 2024-04-18 16:18:59Z
LGVN, 2024-04-18 20:09:24Z
BPTH, 2024-04-18 18:01:07Z
EC, 2024-04-19 18:08:42Z
EH, 2024-04-19 20:09:06Z
ESQ, 2024-04-19 20:18:36Z
VERX, 2024-04-22 20:19:13Z
PXS, 2024-04-22 20:52:47Z
INMB, 2024-04-22 12:06:21Z
PXS, 2024-04-22 20:53:08Z
CTRM, 2024-04-22 13:14:57Z